{
  "hyperparameters": {
    "group_size": 128,
    "seq_length": 128,
    "batch_size": 2,
    "num_steps": 500,
    "learning_rate": 5e-05
  },
  "training": {
    "initial_loss": 19.415189743041992,
    "final_loss": 2.9524176120758057,
    "loss_curve": [
      19.415189743041992,
      17.6638126373291,
      17.5764102935791,
      15.895140647888184,
      14.59153938293457,
      16.177194595336914,
      12.788802146911621,
      11.541013717651367,
      12.024927139282227,
      12.84988021850586,
      11.819856643676758,
      11.076229095458984,
      10.465115547180176,
      10.294048309326172,
      9.291016578674316,
      5.1339216232299805,
      5.194877624511719,
      10.74880313873291,
      13.278043746948242,
      10.388489723205566,
      10.168744087219238,
      10.00532341003418,
      10.9448881149292,
      13.310420989990234,
      11.944724082946777,
      8.91694450378418,
      5.131122589111328,
      10.197563171386719,
      10.01301097869873,
      8.23267936706543,
      10.079784393310547,
      9.714762687683105,
      9.727270126342773,
      7.821086406707764,
      7.828431606292725,
      8.294801712036133,
      8.915307998657227,
      6.78751802444458,
      8.784393310546875,
      7.263306617736816,
      6.968741416931152,
      7.635254859924316,
      8.597051620483398,
      3.962278366088867,
      2.649355888366699,
      1.3925496339797974,
      2.150885581970215,
      2.4210667610168457,
      2.107257127761841,
      2.2125606536865234,
      2.3535611629486084,
      2.306110382080078,
      2.496791362762451,
      1.910773515701294,
      2.7408840656280518,
      2.522926092147827,
      2.7258849143981934,
      2.2239017486572266,
      7.865502834320068,
      11.369744300842285,
      7.2785325050354,
      10.744400024414062,
      11.363978385925293,
      11.373944282531738,
      11.010241508483887,
      9.836434364318848,
      9.70583438873291,
      9.144129753112793,
      9.465516090393066,
      8.564160346984863,
      9.16439151763916,
      9.109588623046875,
      8.336548805236816,
      7.943811893463135,
      7.852457523345947,
      6.610472679138184,
      4.080750465393066,
      4.603875637054443,
      7.214062690734863,
      14.470048904418945,
      14.226180076599121,
      13.72647762298584,
      10.721973419189453,
      10.570021629333496,
      10.210411071777344,
      10.290371894836426,
      7.791189193725586,
      7.8287835121154785,
      7.902010440826416,
      8.494746208190918,
      8.886126518249512,
      8.344682693481445,
      9.480537414550781,
      8.99856948852539,
      8.164642333984375,
      8.365951538085938,
      9.024402618408203,
      8.6676607131958,
      10.06509017944336,
      9.371912956237793,
      9.17201042175293,
      9.499948501586914,
      8.475625991821289,
      9.137506484985352,
      8.084639549255371,
      8.213334083557129,
      7.3555707931518555,
      7.324641227722168,
      7.4844536781311035,
      8.139140129089355,
      7.955804824829102,
      8.107175827026367,
      6.985445022583008,
      6.115233421325684,
      6.798851013183594,
      2.756054639816284,
      4.928526401519775,
      9.184700012207031,
      9.650903701782227,
      7.893393039703369,
      7.769137382507324,
      7.712228775024414,
      8.659494400024414,
      9.301843643188477,
      9.03166675567627,
      7.267263889312744,
      8.050270080566406,
      8.89819049835205,
      7.454459190368652,
      7.789579391479492,
      8.938220977783203,
      8.343205451965332,
      7.659829616546631,
      7.563717842102051,
      7.64760160446167,
      6.753893852233887,
      7.2767486572265625,
      7.687180042266846,
      8.177096366882324,
      5.205698013305664,
      8.55665397644043,
      8.401761054992676,
      8.025993347167969,
      8.522932052612305,
      7.386404514312744,
      6.299332141876221,
      7.9422607421875,
      6.485499382019043,
      7.92954158782959,
      5.921761512756348,
      7.883401870727539,
      7.638513088226318,
      7.558638095855713,
      7.362685203552246,
      8.297099113464355,
      8.487621307373047,
      8.52571964263916,
      8.659907341003418,
      8.015156745910645,
      9.298934936523438,
      8.222744941711426,
      6.188640594482422,
      8.977818489074707,
      8.637101173400879,
      8.659961700439453,
      7.4918599128723145,
      8.798979759216309,
      7.740288257598877,
      8.463373184204102,
      8.464582443237305,
      7.778406620025635,
      9.147701263427734,
      7.360451698303223,
      7.708859443664551,
      6.682768821716309,
      7.512155055999756,
      8.024608612060547,
      8.361748695373535,
      5.732519149780273,
      6.673101425170898,
      7.6330132484436035,
      8.132368087768555,
      7.8759942054748535,
      8.514373779296875,
      8.397266387939453,
      7.0031304359436035,
      7.621158123016357,
      7.67484188079834,
      7.817298889160156,
      7.450564861297607,
      6.986921310424805,
      9.063298225402832,
      7.272268772125244,
      8.928145408630371,
      6.965574264526367,
      9.52602767944336,
      7.277902126312256,
      6.177265167236328,
      8.317046165466309,
      8.4580078125,
      8.824596405029297,
      7.85051965713501,
      5.829211711883545,
      8.68645191192627,
      8.018779754638672,
      7.682953834533691,
      8.003823280334473,
      6.92888879776001,
      6.7287917137146,
      7.22535514831543,
      6.919946670532227,
      7.498782634735107,
      7.409185409545898,
      8.3101167678833,
      6.284835338592529,
      3.541412115097046,
      3.9863815307617188,
      6.179129123687744,
      6.740180492401123,
      7.888493537902832,
      4.698310852050781,
      5.089892864227295,
      8.01733112335205,
      4.149894714355469,
      3.0928893089294434,
      9.866519927978516,
      8.222246170043945,
      5.943643569946289,
      8.004118919372559,
      5.507823944091797,
      8.96957015991211,
      6.324719429016113,
      8.650246620178223,
      8.170387268066406,
      8.473105430603027,
      8.394067764282227,
      5.1943159103393555,
      3.4560070037841797,
      2.6845388412475586,
      2.9381015300750732,
      8.991165161132812,
      9.567828178405762,
      9.947354316711426,
      6.080748081207275,
      5.691708564758301,
      7.181239604949951,
      8.073373794555664,
      8.77186107635498,
      8.518348693847656,
      7.958341598510742,
      8.752128601074219,
      7.485937595367432,
      8.58120346069336,
      8.627962112426758,
      6.968264102935791,
      7.434549331665039,
      7.358287334442139,
      7.684825897216797,
      7.424722194671631,
      6.908591270446777,
      6.278493404388428,
      8.345937728881836,
      7.803347587585449,
      8.391436576843262,
      8.13833999633789,
      8.466653823852539,
      8.621729850769043,
      8.297107696533203,
      7.952710151672363,
      7.728457927703857,
      9.069082260131836,
      6.80143404006958,
      6.168771743774414,
      7.780761241912842,
      7.264509677886963,
      7.721634387969971,
      5.931019306182861,
      8.71249771118164,
      7.045263290405273,
      5.595153331756592,
      8.606344223022461,
      7.333461284637451,
      7.434794902801514,
      4.909368515014648,
      6.529274940490723,
      3.2044527530670166,
      4.450833320617676,
      9.15864086151123,
      7.603370189666748,
      7.163464069366455,
      4.514288902282715,
      2.936744213104248,
      6.017610549926758,
      6.448644161224365,
      8.636395454406738,
      6.373209476470947,
      7.272717475891113,
      4.8009185791015625,
      6.993277072906494,
      7.068300724029541,
      7.53340482711792,
      7.4401326179504395,
      7.977913856506348,
      9.181097030639648,
      7.183773994445801,
      6.776640892028809,
      6.810145378112793,
      6.086609840393066,
      9.078044891357422,
